Date,Content
2022-01-16,https://boxd.it/2tT29B
2022-04-16,https://boxd.it/2zFc3J
2022-04-30,https://boxd.it/KLR7H
2022-05-10,https://boxd.it/vTHD5
2022-06-27,https://boxd.it/15NYLn
2022-07-04,https://boxd.it/aZew3
2022-09-10,https://boxd.it/G9OZJ
2022-09-12,https://boxd.it/2Utoll
2022-09-24,https://boxd.it/3fBlPx
2022-10-04,https://boxd.it/3h9Tfv
2022-10-25,https://boxd.it/3lSHUx
2022-10-25,https://boxd.it/3m3v5p
2023-01-04,https://boxd.it/3DlETH
2023-01-08,https://boxd.it/3Az3cd
2023-01-22,https://boxd.it/3sGdzN
2023-01-27,https://boxd.it/3Far2B
2023-02-05,https://boxd.it/rb1j
2023-02-11,https://boxd.it/3zEQjj
2023-02-27,https://boxd.it/3JZyBr
2023-03-08,https://boxd.it/2BSAO9
2023-03-15,https://boxd.it/2cOFhh
2023-03-18,https://boxd.it/IpPV
2023-03-20,https://boxd.it/hJ5lr
2023-04-16,https://boxd.it/44Vy5V
2023-04-21,https://boxd.it/3s83F9
2023-05-05,https://boxd.it/17F2rL
2023-06-06,https://boxd.it/igqmB
2023-06-08,https://boxd.it/b4vn3
2023-06-14,https://boxd.it/1bR73f
2023-07-11,https://boxd.it/2l2BEr
2023-08-23,https://boxd.it/47EwST
2023-09-02,https://boxd.it/4MqvZb
2023-09-10,https://boxd.it/4OKyIl
2023-11-21,https://boxd.it/1hoh99
2023-11-28,https://boxd.it/47J5Hz
2023-12-14,https://boxd.it/bf87
2024-01-07,https://boxd.it/5vOBSt
2024-02-01,https://boxd.it/5jrkL7
2024-02-05,https://boxd.it/5vO24D
2024-02-19,https://boxd.it/4cXEVp
2024-02-19,https://boxd.it/4K9NnH
2024-03-28,https://boxd.it/67M91f
2024-05-01,https://boxd.it/6ng7Ef
2024-05-07,https://boxd.it/1DS7BZ
2024-05-11,https://boxd.it/cjqhD
2024-06-17,https://boxd.it/4HRPxP
2024-08-19,https://boxd.it/75OmON
2024-09-11,https://boxd.it/7iQBZ3
2024-09-22,https://boxd.it/1nFZkN
2024-10-27,https://boxd.it/7mAlGt
2024-10-28,https://boxd.it/7EJQoZ
2024-11-01,https://boxd.it/7FZYER
2024-11-14,https://boxd.it/7HZNTp
2024-12-13,https://boxd.it/x0Mpb
2025-01-04,https://boxd.it/85PnzT
2025-01-05,https://boxd.it/8gGCHp
2025-04-07,https://boxd.it/9hOqmx
2025-04-30,https://boxd.it/9yJdW1
