Date,Name,Year,Letterboxd URI
2021-11-01,Eternal Sunshine of the Spotless Mind,2004,https://boxd.it/6YK
2021-11-01,The Fighter,2010,https://boxd.it/PP4
2021-11-01,Antichrist,2009,https://boxd.it/1Inu
2021-11-01,Cinema Paradiso,1988,https://boxd.it/1UlA
2021-11-01,Cast Away,2000,https://boxd.it/20i8
2021-11-01,Gangs of New York,2002,https://boxd.it/25FG
2021-11-01,Dr. Strangelove or: How I Learned to Stop Worrying and Love the Bomb,1964,https://boxd.it/29eY
2021-11-01,Saving Private Ryan,1998,https://boxd.it/29ro
2021-11-01,Black Hawk Down,2001,https://boxd.it/29rI
2021-11-01,Platoon,1986,https://boxd.it/29BS
2021-11-01,Full Metal Jacket,1987,https://boxd.it/2a1Q
2021-11-01,The Green Mile,1999,https://boxd.it/2agG
2021-11-01,A Beautiful Mind,2001,https://boxd.it/2amk
2021-11-01,The Pianist,2002,https://boxd.it/2aqc
2021-11-01,Once Upon a Time in America,1984,https://boxd.it/2aCs
2021-11-01,North by Northwest,1959,https://boxd.it/2aRM
2021-11-01,Braveheart,1995,https://boxd.it/2aTI
2021-11-01,Léon: The Professional,1994,https://boxd.it/2b8S
2021-11-01,Nymphomaniac: Vol. II,2013,https://boxd.it/7j9Y
2021-11-01,Nymphomaniac: Vol. I,2013,https://boxd.it/7DiG
2021-11-01,Dark Night,2016,https://boxd.it/cXRw
2021-11-01,Hostiles,2017,https://boxd.it/dpiO
2021-11-01,Fences,2016,https://boxd.it/dL6A
2021-11-01,Kramer vs. Kramer,1979,https://boxd.it/h0w
2021-11-01,Let Me In,2010,https://boxd.it/Zsa
2021-11-01,Dogtooth,2009,https://boxd.it/158K
2021-11-01,Bronson,2008,https://boxd.it/1GM8
2021-11-01,The Deer Hunter,1978,https://boxd.it/1T6O
2021-11-01,Stir of Echoes,1999,https://boxd.it/1Ts6
2021-11-01,The Machinist,2004,https://boxd.it/248c
2021-11-01,Road to Perdition,2002,https://boxd.it/24Lo
2021-11-01,Inland Empire,2006,https://boxd.it/28d6
2021-11-01,Magnolia,1999,https://boxd.it/2aze
2021-11-01,"Faster, Pussycat! Kill! Kill!",1965,https://boxd.it/2aBO
2021-11-01,Million Dollar Baby,2004,https://boxd.it/2bdI
2021-11-01,The Master,2012,https://boxd.it/2cBG
2021-11-01,The Nightingale,2018,https://boxd.it/e1Ga
2021-11-01,The Party,2017,https://boxd.it/eEVS
2021-11-01,Mandy,2018,https://boxd.it/gtti
2021-11-01,Mother,2009,https://boxd.it/1m9g
2021-11-01,Hour of the Wolf,1968,https://boxd.it/1H9G
2021-11-01,The Wrestler,2008,https://boxd.it/1So8
2021-11-01,An American Werewolf in London,1981,https://boxd.it/29yk
2021-11-01,Manhattan,1979,https://boxd.it/29Na
2021-11-01,Dogville,2003,https://boxd.it/2a8W
2021-11-01,The Blues Brothers,1980,https://boxd.it/2adi
2021-11-01,Casino,1995,https://boxd.it/2ads
2021-11-01,Pi,1998,https://boxd.it/2ajq
2021-11-01,The Straight Story,1999,https://boxd.it/2ass
2021-11-01,To Catch a Thief,1955,https://boxd.it/2avm
2021-11-01,The Cabinet of Dr. Caligari,1920,https://boxd.it/2aOo
2021-11-01,Alps,2011,https://boxd.it/2RHg
2021-11-01,Heaven Knows What,2014,https://boxd.it/8P1a
2021-11-01,Good Time,2017,https://boxd.it/fcFu
2021-11-01,Dragged Across Concrete,2018,https://boxd.it/fAly
2021-11-01,In Fabric,2018,https://boxd.it/h2sY
2021-11-01,Happy as Lazzaro,2018,https://boxd.it/hiVs
2021-11-01,The House with Laughing Windows,1976,https://boxd.it/mG8
2021-11-01,The Working Class Goes to Heaven,1971,https://boxd.it/pCe
2021-11-01,Maelström,2000,https://boxd.it/1caI
2021-11-01,Investigation of a Citizen Above Suspicion,1970,https://boxd.it/1tRY
2021-11-01,Another Woman,1988,https://boxd.it/1Aw4
2021-11-01,Moon,2009,https://boxd.it/1IGQ
2021-11-01,Darkman,1990,https://boxd.it/1YnK
2021-11-01,Serpico,1973,https://boxd.it/1ZjE
2021-11-01,Prince of Darkness,1987,https://boxd.it/1ZKq
2021-11-01,Amarcord,1973,https://boxd.it/20NA
2021-11-01,Barry Lyndon,1975,https://boxd.it/25A2
2021-11-01,The Abyss,1989,https://boxd.it/26mK
2021-11-01,The Dreamers,2003,https://boxd.it/28X4
2021-11-01,Dog Day Afternoon,1975,https://boxd.it/29bg
2021-11-01,Lolita,1962,https://boxd.it/29Ag
2021-11-01,The Lives of Others,2006,https://boxd.it/2a4A
2021-11-01,La Dolce Vita,1960,https://boxd.it/2anC
2021-11-01,La Strada,1954,https://boxd.it/2asi
2021-11-01,"Crouching Tiger, Hidden Dragon",2000,https://boxd.it/2b1M
2021-11-01,Dracula,1931,https://boxd.it/2b34
2021-11-01,Venus in Fur,2013,https://boxd.it/5WhS
2021-11-01,Color Out of Space,2019,https://boxd.it/k1HY
2021-11-01,The Crazies,1973,https://boxd.it/1nwg
2021-11-01,The Innocents,1961,https://boxd.it/1KeY
2021-11-01,The Hills Have Eyes,1977,https://boxd.it/1Sa6
2021-11-01,Henry: Portrait of a Serial Killer,1986,https://boxd.it/1VCM
2021-11-01,One Hour Photo,2002,https://boxd.it/1YT2
2021-11-01,"Synecdoche, New York",2008,https://boxd.it/23zw
2021-11-01,I'm Not There,2007,https://boxd.it/24Ys
2021-11-01,Being John Malkovich,1999,https://boxd.it/2ahu
2021-11-01,Brokeback Mountain,2005,https://boxd.it/2b2q
2021-11-01,Hero,2002,https://boxd.it/2bcq
2021-11-01,Moonrise Kingdom,2012,https://boxd.it/2Wng
2021-11-01,The Devil,1972,https://boxd.it/3iRC
2021-11-01,Spring Breakers,2012,https://boxd.it/421s
2021-11-01,Dallas Buyers Club,2013,https://boxd.it/4O8G
2021-11-01,The Invitation,2015,https://boxd.it/9OUU
2021-11-01,It Comes at Night,2017,https://boxd.it/eLuk
2021-11-01,The White Ribbon,2009,https://boxd.it/17eU
2021-11-01,Mishima: A Life in Four Chapters,1985,https://boxd.it/1sBA
2021-11-01,Ms .45,1981,https://boxd.it/1AWG
2021-11-01,Interstella 5555: The 5tory of the 5ecret 5tar 5ystem,2003,https://boxd.it/1ULy
2021-11-01,Carlito's Way,1993,https://boxd.it/226e
2021-11-01,The Great Escape,1963,https://boxd.it/22kA
2021-11-01,L.A. Confidential,1997,https://boxd.it/27oC
2021-11-01,True Romance,1993,https://boxd.it/2aBa
2021-11-01,Strange Days,1995,https://boxd.it/2aGO
2021-11-01,Amadeus,1984,https://boxd.it/2aH8
2021-11-01,The Turin Horse,2011,https://boxd.it/2Qsk
2021-11-01,Holy Motors,2012,https://boxd.it/3wai
2021-11-01,A Girl Walks Home Alone at Night,2014,https://boxd.it/7nZE
2021-11-01,Leviathan,2014,https://boxd.it/7Ub8
2021-11-01,The Bad Batch,2016,https://boxd.it/acEG
2021-11-01,Son of Saul,2015,https://boxd.it/b6r4
2021-11-01,Cold War,2018,https://boxd.it/fEoc
2021-11-01,First Reformed,2017,https://boxd.it/go9C
2021-11-01,Burning,2018,https://boxd.it/hHUa
2021-11-01,L'Argent,1983,https://boxd.it/XIg
2021-11-01,Planet of the Vampires,1965,https://boxd.it/1HQg
2021-11-01,Things to Come,1936,https://boxd.it/258i
2021-11-01,Training Day,2001,https://boxd.it/27A4
2021-11-01,"4 Months, 3 Weeks and 2 Days",2007,https://boxd.it/27DW
2021-11-01,Little Miss Sunshine,2006,https://boxd.it/29EW
2021-11-01,Rampage,1987,https://boxd.it/3q6u
2021-11-01,Loveless,2017,https://boxd.it/fcFa
2021-11-01,Malignant,2021,https://boxd.it/mViE
2021-11-05,Rubber,2010,https://boxd.it/P2m
2021-11-05,A Tale of Two Sisters,2003,https://boxd.it/248m
2021-11-05,I Saw the Devil,2010,https://boxd.it/FaK
2021-11-09,Onibaba,1964,https://boxd.it/252a
2021-11-12,Paddington,2014,https://boxd.it/3RKw
2021-11-12,Paddington 2,2017,https://boxd.it/bCF8
2021-11-23,Down by Law,1986,https://boxd.it/28CA
2021-11-26,Frances Ha,2012,https://boxd.it/41Xg
2021-12-01,A Page of Madness,1926,https://boxd.it/3i2u
2021-12-01,Tux and Fanny,2019,https://boxd.it/m0ds
2021-12-02,Spencer,2021,https://boxd.it/qPMG
2021-12-03,Do the Right Thing,1989,https://boxd.it/29gA
2021-12-19,Ran,1985,https://boxd.it/1Tlu
2021-12-19,Dreams,1990,https://boxd.it/1ROu
2021-12-26,Autumn Sonata,1978,https://boxd.it/1Rio
2021-12-28,Shiva Baby,2020,https://boxd.it/oIv0
2021-12-30,Antiporno,2016,https://boxd.it/eDjy
2021-12-30,Switchblade Sisters,1975,https://boxd.it/yuI
2022-01-04,Nightmare Alley,1947,https://boxd.it/1Fya
2022-01-04,Scenes from a Marriage,1973,https://boxd.it/rx6u
2022-01-05,Blood for Dracula,1974,https://boxd.it/1uNe
2022-01-12,Ferris Bueller's Day Off,1986,https://boxd.it/1YPY
2022-01-12,Annette,2021,https://boxd.it/f0RS
2022-01-12,Chronicle,2012,https://boxd.it/2Emk
2022-01-12,In the Name of the Father,1993,https://boxd.it/20I6
2022-01-12,House,1977,https://boxd.it/1vsm
2022-01-14,Senso,1954,https://boxd.it/V6k
2022-01-17,Elevator to the Gallows,1958,https://boxd.it/294u
2022-01-17,"Jeanne Dielman, 23, quai du Commerce, 1080 Bruxelles",1975,https://boxd.it/T18
2022-01-19,The Descendants,2011,https://boxd.it/4Ba
2022-01-19,Pink Floyd: The Wall,1982,https://boxd.it/1Sxk
2022-01-19,Alice,1988,https://boxd.it/1G3C
2022-01-19,Fantastic Planet,1973,https://boxd.it/1KnQ
2022-01-22,The Man Who Wasn't There,2001,https://boxd.it/1Vqc
2022-01-23,Only God Forgives,2013,https://boxd.it/2HBs
2022-01-23,Mommy,2014,https://boxd.it/7Uau
2022-01-26,Eighth Grade,2018,https://boxd.it/hDMG
2022-01-27,Clouds of Sils Maria,2014,https://boxd.it/7f62
2022-01-29,Night on Earth,1991,https://boxd.it/2ayq
2022-01-29,Only Lovers Left Alive,2013,https://boxd.it/4O1U
2022-02-11,Two Evil Eyes,1990,https://boxd.it/1njc
2022-02-11,Escape from Alcatraz,1979,https://boxd.it/1Vwk
2022-02-11,The Face of Another,1966,https://boxd.it/1nso
2022-02-13,Rain Man,1988,https://boxd.it/2avw
2022-02-22,The Worst Person in the World,2021,https://boxd.it/oyws
2022-02-22,Werckmeister Harmonies,2000,https://boxd.it/1zzw
2022-03-04,Christine,1983,https://boxd.it/1ZRQ
2022-03-05,Seconds,1966,https://boxd.it/1Dbe
2022-03-10,Filth,2013,https://boxd.it/32NY
2022-03-10,Thief,1981,https://boxd.it/1TEc
2022-03-13,My Dinner with Andre,1981,https://boxd.it/1vLe
2022-03-22,Theorem,1968,https://boxd.it/237C
2022-03-28,"Aguirre, the Wrath of God",1972,https://boxd.it/27Fe
2022-03-29,"Ciao, Professore!",1992,https://boxd.it/1yXC
2022-03-29,The Tragedy of Macbeth,2021,https://boxd.it/lMi4
2022-03-30,Chinatown,1974,https://boxd.it/29vU
2022-04-01,Shallow Grave,1994,https://boxd.it/1XyW
2022-04-13,Apollo 10½: A Space Age Childhood,2022,https://boxd.it/oKiM
2022-04-16,The Voice of the Moon,1990,https://boxd.it/iZg
2022-04-16,Breakfast at Tiffany's,1961,https://boxd.it/2aYS
2022-04-21,Fresh,2022,https://boxd.it/tCNi
2022-04-27,Green Room,2015,https://boxd.it/a75m
2022-04-27,Under the Skin,2013,https://boxd.it/3mDa
2022-04-27,Peppermint Candy,1999,https://boxd.it/ZQc
2022-04-28,Once Upon a Time in the West,1968,https://boxd.it/2az4
2022-05-01,Oasis,2002,https://boxd.it/1sO0
2022-05-06,Charade,1963,https://boxd.it/23O2
2022-05-06,The Sadness,2021,https://boxd.it/tcHe
2022-05-12,Tape,2001,https://boxd.it/1yCu
2022-05-15,Guinea Pig: Mermaid in the Manhole,1988,https://boxd.it/1hl2
2022-05-16,High Life,2018,https://boxd.it/d6bk
2022-05-16,Zola,2020,https://boxd.it/jEWQ
2022-05-17,The Third Man,1949,https://boxd.it/294E
2022-05-29,Tampopo,1985,https://boxd.it/1SZe
2022-06-01,Pleasantville,1998,https://boxd.it/26uY
2022-06-11,Invasion of the Body Snatchers,1978,https://boxd.it/1SWk
2022-06-11,The Void,2016,https://boxd.it/d93S
2022-06-15,The Devils,1971,https://boxd.it/1inI
2022-06-17,The Ten Commandments,1956,https://boxd.it/21mg
2022-06-19,Love Exposure,2008,https://boxd.it/1pDe
2022-06-21,Fear and Loathing in Las Vegas,1998,https://boxd.it/27Xs
2022-06-22,Irma Vep,1996,https://boxd.it/1vYs
2022-06-22,The Fabulous Baron Munchausen,1962,https://boxd.it/ZV2
2022-06-22,Code Unknown,2000,https://boxd.it/1kaw
2022-06-22,Bringing Out the Dead,1999,https://boxd.it/1ZZK
2022-06-27,Layer Cake,2004,https://boxd.it/23LC
2022-06-27,Tinker Tailor Soldier Spy,2011,https://boxd.it/FRY
2022-06-27,The Love Witch,2016,https://boxd.it/cZie
2022-06-27,Topology of Sirens,2021,https://boxd.it/md3U
2022-06-29,Dances with Wolves,1990,https://boxd.it/2a4K
2022-07-10,Suzhou River,2000,https://boxd.it/1Tsq
2022-07-11,Fire of Love,2022,https://boxd.it/yoPY
2022-07-13,Silverado,1985,https://boxd.it/1TGC
2022-07-13,Satantango,1994,https://boxd.it/1j9M
2022-07-15,Pickpocket,1959,https://boxd.it/29O8
2022-08-11,Winter Sleep,2014,https://boxd.it/7Ua0
2022-08-11,Bunny Lake Is Missing,1965,https://boxd.it/27NW
2022-08-11,American Gigolo,1980,https://boxd.it/26l8
2022-08-12,We All Loved Each Other So Much,1974,https://boxd.it/XjK
2022-08-13,A Scanner Darkly,2006,https://boxd.it/25jK
2022-08-16,Old,2021,https://boxd.it/npKI
2022-08-19,10 Rillington Place,1971,https://boxd.it/1uig
2022-08-19,Death Becomes Her,1992,https://boxd.it/1YQi
2022-08-19,Sans Soleil,1983,https://boxd.it/28B8
2022-08-20,One Way or Another,1976,https://boxd.it/Lyo
2022-08-20,Bodies Bodies Bodies,2022,https://boxd.it/iRcE
2022-08-22,Dancer in the Dark,2000,https://boxd.it/71E
2022-08-22,Gozu,2003,https://boxd.it/1RTa
2022-08-22,Grizzly Man,2005,https://boxd.it/2ag2
2022-09-02,Toto the Hero,1991,https://boxd.it/pom
2022-09-06,Belladonna of Sadness,1973,https://boxd.it/2q
2022-09-07,Yi Yi,2000,https://boxd.it/1vCw
2022-09-07,The Company of Wolves,1984,https://boxd.it/1SO6
2022-09-07,The Hourglass Sanatorium,1973,https://boxd.it/OUW
2022-09-13,Sorry to Bother You,2018,https://boxd.it/f21E
2022-09-15,Summer with Monika,1953,https://boxd.it/JZC
2022-09-19,Memoria,2021,https://boxd.it/iwtE
2022-09-21,The House of the Devil,2009,https://boxd.it/1uIe
2022-09-24,Detective Chinatown,2015,https://boxd.it/cXeE
2022-09-24,Moonage Daydream,2022,https://boxd.it/A8Co
2022-09-26,"Confess, Fletch",2022,https://boxd.it/ra9K
2022-09-26,Deerskin,2019,https://boxd.it/lqOW
2022-09-26,Taxi,1998,https://boxd.it/26UM
2022-09-28,Brand New Cherry Flavor,2021,https://boxd.it/wlSQ
2022-09-30,The Uninvited,1944,https://boxd.it/1KeO
2022-09-30,The Haunting,1963,https://boxd.it/1T7M
2022-09-30,Rebecca,1940,https://boxd.it/2aQa
2022-10-01,See How They Run,2022,https://boxd.it/sNVq
2022-10-09,Cannibal Holocaust,1980,https://boxd.it/1ZWQ
2022-10-11,The Last Duel,2021,https://boxd.it/mQbe
2022-10-12,Roadgames,1981,https://boxd.it/VjI
2022-10-12,Holy Spider,2022,https://boxd.it/xBn2
2022-10-13,Helter Skelter,2012,https://boxd.it/3ybW
2022-10-13,Audition,1999,https://boxd.it/1UHm
2022-10-19,Thirst,2009,https://boxd.it/1Aqq
2022-10-23,Miracle in Cell No. 7,2019,https://boxd.it/nFrM
2022-10-23,This Is Spinal Tap,1984,https://boxd.it/1UOs
2022-10-25,Empire of Light,2022,https://boxd.it/uGpm
2022-10-25,Bullet Ballet,1998,https://boxd.it/1uMg
2022-10-25,The Long Goodbye,1973,https://boxd.it/281O
2022-10-28,Please Baby Please,2022,https://boxd.it/qiJE
2022-10-30,Pulse,2001,https://boxd.it/1s3y
2022-11-01,The Blob,1988,https://boxd.it/1YgY
2022-11-01,Peeping Tom,1960,https://boxd.it/1Utk
2022-11-02,The Hole in the Ground,2019,https://boxd.it/hq9c
2022-11-02,The Eternal Daughter,2022,https://boxd.it/tJnG
2022-11-03,Kes,1969,https://boxd.it/1Qi8
2022-11-03,The People Under the Stairs,1991,https://boxd.it/1QMC
2022-11-19,Sleepaway Camp,1983,https://boxd.it/1PSY
2022-11-23,Mauvais Sang,1986,https://boxd.it/5c6
2022-11-25,Fade to Black,1980,https://boxd.it/12Dq
2022-12-08,Atonement,2007,https://boxd.it/24ui
2022-12-11,Master and Commander: The Far Side of the World,2003,https://boxd.it/200S
2022-12-14,The Kid Detective,2020,https://boxd.it/r0qm
2022-12-15,Blue Is the Warmest Color,2013,https://boxd.it/4O40
2022-12-15,Boiling Point,2021,https://boxd.it/uo2u
2022-12-21,Man with a Movie Camera,1929,https://boxd.it/1u7s
2022-12-24,Millennium Mambo,2001,https://boxd.it/1Tzw
2022-12-24,Rashomon,1950,https://boxd.it/2a9K
2022-12-26,The Moustache,2005,https://boxd.it/1Jn6
2022-12-28,78/52,2017,https://boxd.it/ce9a
2022-12-29,Certified Copy,2010,https://boxd.it/IMW
2022-12-31,The Endless,2017,https://boxd.it/ffyw
2023-01-02,Green Snake,1993,https://boxd.it/12Vk
2023-01-04,Calvary,2014,https://boxd.it/4WE6
2023-01-04,The Assassination of Jesse James by the Coward Robert Ford,2007,https://boxd.it/24dG
2023-01-04,12 Years a Slave,2013,https://boxd.it/2D2e
2023-01-04,The Eight Mountains,2022,https://boxd.it/ufRe
2023-01-09,The Pale Blue Eye,2022,https://boxd.it/u8tk
2023-01-12,The Fallout,2021,https://boxd.it/tViI
2023-01-16,One Hundred and One Nights,1995,https://boxd.it/3iuI
2023-01-16,Cléo from 5 to 7,1962,https://boxd.it/2agm
2023-01-19,After Life,1998,https://boxd.it/1HMI
2023-01-19,The Best Offer,2013,https://boxd.it/4Oh4
2023-01-19,The Lords of Salem,2012,https://boxd.it/3yDm
2023-01-20,Actual People,2021,https://boxd.it/vVFG
2023-01-21,Aftersun,2022,https://boxd.it/Arw0
2023-01-23,Lady Vengeance,2005,https://boxd.it/248G
2023-02-16,Dirty Harry,1971,https://boxd.it/299E
2023-02-16,Infinity Pool,2023,https://boxd.it/oPSK
2023-02-22,Samurai Zombie,2008,https://boxd.it/z5u
2023-03-05,Huesera: The Bone Woman,2022,https://boxd.it/t1J4
2023-03-18,King of New York,1990,https://boxd.it/1Ynq
2023-03-19,A Serious Man,2009,https://boxd.it/1RFW
2023-03-23,Midnight Cowboy,1969,https://boxd.it/25Hi
2023-03-27,Giorgio Moroder's Metropolis,1984,https://boxd.it/wT4K
2023-04-08,Detective Dee and the Mystery of the Phantom Flame,2010,https://boxd.it/IkS
2023-04-10,The Faculty,1998,https://boxd.it/1Z5C
2023-04-12,Barbarian Invasion,2021,https://boxd.it/tXk2
2023-04-13,Visitor Q,2001,https://boxd.it/24DE
2023-04-14,Southpaw,2015,https://boxd.it/9Phu
2023-04-19,Carnival of Souls,1962,https://boxd.it/1KQ4
2023-04-22,White Men Can't Jump,1992,https://boxd.it/1WWy
2023-04-24,Tokyo Fist,1995,https://boxd.it/Z2m
2023-05-03,L'Avventura,1960,https://boxd.it/23hs
2023-05-03,L'Eclisse,1962,https://boxd.it/1CoG
2023-05-10,How to Blow Up a Pipeline,2022,https://boxd.it/C69e
2023-05-15,Fractured,2019,https://boxd.it/kPL2
2023-05-15,The Skin I Live In,2011,https://boxd.it/99A
2023-05-16,Sunset Boulevard,1950,https://boxd.it/2a20
2023-05-17,Thunder Road,2018,https://boxd.it/i8Hs
2023-05-28,Sanctuary,2022,https://boxd.it/wPKW
2023-05-28,The Big Scare,1964,https://boxd.it/2Mgu
2023-05-31,Amanda,2022,https://boxd.it/BYue
2023-06-02,The Carabineers,1963,https://boxd.it/yjK
2023-06-04,To Die For,1995,https://boxd.it/2a5o
2023-06-05,Near Dark,1987,https://boxd.it/1SRO
2023-06-14,Lawrence of Arabia,1962,https://boxd.it/2wRE
2023-06-27,Caché,2005,https://boxd.it/2amY
2023-06-30,The French Connection,1971,https://boxd.it/296g
2023-06-30,Brick,2005,https://boxd.it/1Z6A
2023-06-30,Nightmare Detective,2006,https://boxd.it/TMo
2023-07-02,Hardware,1990,https://boxd.it/1Uas
2023-07-04,The Wages of Fear,1953,https://boxd.it/2aSK
2023-07-07,Cold Fish,2010,https://boxd.it/2dxK
2023-07-14,The Red Shoes,1948,https://boxd.it/1EXI
2023-07-27,Everybody Knows,2018,https://boxd.it/e6AG
2023-07-27,Beau Is Afraid,2023,https://boxd.it/u2gE
2023-07-29,Dark City,1998,https://boxd.it/26uk
2023-07-29,Seven Up!,1964,https://boxd.it/AnE
2023-08-07,The Last Samurai,2003,https://boxd.it/29ZA
2023-08-12,Obsession,1976,https://boxd.it/23QM
2023-08-17,Anchorman: The Legend of Ron Burgundy,2004,https://boxd.it/1ZVo
2023-08-18,How to Have Sex,2023,https://boxd.it/EFIM
2023-08-27,Conversation Piece,1974,https://boxd.it/pQ6
2023-08-27,The Leopard,1963,https://boxd.it/296K
2023-09-05,The Golem: How He Came Into the World,1920,https://boxd.it/262g
2023-09-07,Hardcore,1979,https://boxd.it/XyA
2023-09-07,Swept Away,1974,https://boxd.it/17cY
2023-09-07,Long Day's Journey into Night,2018,https://boxd.it/hw1I
2023-09-11,Paprika,2006,https://boxd.it/23wW
2023-09-13,Messiah of Evil,1974,https://boxd.it/1wLY
2023-09-13,Kuroneko,1968,https://boxd.it/12mE
2023-09-13,Kotoko,2011,https://boxd.it/3030
2023-09-15,Prince of the City,1981,https://boxd.it/1hQY
2023-09-17,The Forgiven,2021,https://boxd.it/iYWa
2023-09-18,The Masque of the Red Death,1964,https://boxd.it/1w12
2023-09-27,No One Will Save You,2023,https://boxd.it/uUO6
2023-09-28,The Cremator,1969,https://boxd.it/1H8y
2023-09-30,The Creator,2023,https://boxd.it/oXWq
2023-10-02,Blood Simple,1984,https://boxd.it/1U16
2023-10-13,Unsane,2018,https://boxd.it/gKrS
2023-10-21,Babette's Feast,1987,https://boxd.it/1SYU
2023-10-22,May,2002,https://boxd.it/1V8M
2023-10-26,Basket Case,1982,https://boxd.it/1qV4
2023-10-31,Quiz Show,1994,https://boxd.it/1TPa
2023-11-12,Custody,2017,https://boxd.it/g6we
2023-11-20,The Wrong Man,1956,https://boxd.it/1AqK
2023-11-24,Cruel Intentions,1999,https://boxd.it/29Be
2023-12-01,Legend,1985,https://boxd.it/1SCY
2023-12-07,The Tatami Galaxy,2010,https://boxd.it/oL50
2023-12-09,World on a Wire,1973,https://boxd.it/B9me
2023-12-13,When Evil Lurks,2023,https://boxd.it/rXBe
2023-12-13,Buffalo '66,1998,https://boxd.it/1YC6
2023-12-16,Excalibur,1981,https://boxd.it/1TDI
2023-12-29,La Grande Bouffe,1973,https://boxd.it/1X5q
2023-12-29,The Name of the Rose,1986,https://boxd.it/2aUw
2024-01-04,Gaslight,1944,https://boxd.it/1PYs
2024-01-06,The Taste of Things,2023,https://boxd.it/Arke
2024-01-12,In a Lonely Place,1950,https://boxd.it/1JgO
2024-01-27,Miracle Mile,1988,https://boxd.it/1x68
2024-01-31,Dillinger Is Dead,1969,https://boxd.it/otU
2024-02-08,Mephisto,1981,https://boxd.it/1SN8
2024-02-18,Bamboozled,2000,https://boxd.it/1xfa
2024-03-02,A Brighter Summer Day,1991,https://boxd.it/1Luy
2024-03-02,All That Jazz,1979,https://boxd.it/1JB8
2024-03-07,Double Indemnity,1944,https://boxd.it/297I
2024-03-07,What Ever Happened to Baby Jane?,1962,https://boxd.it/1WJE
2024-03-18,Tatami,2023,https://boxd.it/F0qE
2024-03-25,Upstream Color,2013,https://boxd.it/4Cwc
2024-03-27,Men,2022,https://boxd.it/tlc0
2024-03-30,Manichitrathazhu,1993,https://boxd.it/2Yeg
2024-04-01,Lone Star,1996,https://boxd.it/1tge
2024-04-06,Ju Dou,1990,https://boxd.it/YrK
2024-04-10,Rosencrantz & Guildenstern Are Dead,1990,https://boxd.it/1FXE
2024-04-11,The Princess Bride,1987,https://boxd.it/26EY
2024-04-18,Mirror,1975,https://boxd.it/28Q8
2024-04-20,Insomnia,1997,https://boxd.it/1txk
2024-04-20,Love Lies Bleeding,2024,https://boxd.it/zN4q
2024-04-22,Begotten,1989,https://boxd.it/28Ie
2024-04-29,Trust,2024,https://boxd.it/DeEw
2024-04-30,Bones and All,2022,https://boxd.it/tLd4
2024-05-08,Spellbound,1945,https://boxd.it/24Ji
2024-05-09,George Harrison: Living in the Material World,2011,https://boxd.it/RWdM
2024-05-10,Shadow of the Vampire,2000,https://boxd.it/1Vb2
2024-05-12,Summer of Sam,1999,https://boxd.it/1WE0
2024-05-14,Big Trouble in Little China,1986,https://boxd.it/21em
2024-05-19,The Surfer,2024,https://boxd.it/GFEE
2024-05-24,I Saw the TV Glow,2024,https://boxd.it/woVe
2024-05-29,Evil Does Not Exist,2023,https://boxd.it/HJrc
2024-05-31,Tangerine,2015,https://boxd.it/9QRe
2024-06-09,The Hitcher,1986,https://boxd.it/1Yq0
2024-06-12,Hit Man,2023,https://boxd.it/ANB2
2024-06-12,Bad Boys,1995,https://boxd.it/1XVG
2024-07-01,The Desert of the Tartars,1976,https://boxd.it/J2K
2024-07-08,Beverly Hills Cop,1984,https://boxd.it/2baE
2024-07-13,The Lost Boys,1987,https://boxd.it/28DI
2024-07-16,The Wailing,2016,https://boxd.it/9fLy
2024-07-22,The Untouchables,1987,https://boxd.it/2b6i
2024-07-23,The Little Drummer Girl,2018,https://boxd.it/kkCS
2024-07-24,Rumble Fish,1983,https://boxd.it/2aOI
2024-07-25,A Murder at the End of the World,2023,https://boxd.it/JIma
2024-08-03,Obsession,1943,https://boxd.it/23i6
2024-08-08,The Seed of the Sacred Fig,2024,https://boxd.it/MKo4
2024-08-10,"Lust, Caution",2007,https://boxd.it/244k
2024-08-11,Dead Again,1991,https://boxd.it/1TIe
2024-08-17,La Chimera,2023,https://boxd.it/vzVi
2024-08-18,Black Bear,2020,https://boxd.it/n8ru
2024-08-18,Kiss Kiss Bang Bang,2005,https://boxd.it/23c8
2024-08-22,Tombstone,1993,https://boxd.it/1SE6
2024-08-22,WarGames,1983,https://boxd.it/29qU
2024-09-01,Blink Twice,2024,https://boxd.it/vIOg
2024-09-02,Waterworld,1995,https://boxd.it/1XLG
2024-09-05,Final Cut: Ladies and Gentlemen,2012,https://boxd.it/491E
2024-09-07,The Hudsucker Proxy,1994,https://boxd.it/1SJA
2024-09-09,The Room Next Door,2024,https://boxd.it/Fb4k
2024-09-10,The Panic in Needle Park,1971,https://boxd.it/1rwu
2024-09-11,"Mother, Couch",2023,https://boxd.it/D45w
2024-09-12,Dìdi (弟弟),2024,https://boxd.it/HQOW
2024-09-16,Gummo,1997,https://boxd.it/1H0Y
2024-09-17,AlphaGo,2017,https://boxd.it/geTA
2024-09-19,Ali: Fear Eats the Soul,1974,https://boxd.it/2aRi
2024-09-20,In a Violent Nature,2024,https://boxd.it/K5eI
2024-09-21,The Devil's Advocate,1997,https://boxd.it/286k
2024-09-22,Dracula,1958,https://boxd.it/1STA
2024-09-26,The Shade,2023,https://boxd.it/DAUG
2024-09-28,Leave No Trace,2018,https://boxd.it/fMfM
2024-09-29,The Fall,2006,https://boxd.it/1NoM
2024-10-02,The Lodger: A Story of the London Fog,1927,https://boxd.it/26m6
2024-10-02,Bramayugam,2024,https://boxd.it/Iekc
2024-10-11,Ten Canoes,2006,https://boxd.it/1OPY
2024-10-12,Hagazussa,2017,https://boxd.it/gHYu
2024-10-14,The Piano Teacher,2001,https://boxd.it/2886
2024-10-15,The Last Unicorn,1982,https://boxd.it/1WXQ
2024-10-16,Demon Pond,1979,https://boxd.it/3TF4
2024-10-17,Hundreds of Beavers,2022,https://boxd.it/CyUM
2024-10-19,The Exorcist III,1990,https://boxd.it/1Tum
2024-10-21,Twixt,2011,https://boxd.it/2IFU
2024-10-24,Exotica,1994,https://boxd.it/1DXW
2024-10-26,Paterson,2016,https://boxd.it/cRk2
2024-10-28,Your Name.,2016,https://boxd.it/cUqs
2024-10-30,The Man Who Shot Liberty Valance,1962,https://boxd.it/1Tdg
2024-11-01,The Skeleton of Mrs. Morales,1960,https://boxd.it/3Vce
2024-11-02,The Firm,1993,https://boxd.it/18JY
2024-11-02,Presence,2024,https://boxd.it/H88i
2024-11-04,Hiroshima Mon Amour,1959,https://boxd.it/22WY
2024-11-10,Margin Call,2011,https://boxd.it/CJ8
2024-11-11,The Last Picture Show,1971,https://boxd.it/1weg
2024-11-13,Notting Hill,1999,https://boxd.it/2aeK
2024-11-14,Laura,1944,https://boxd.it/27Oq
2024-11-14,You Won't Be Alone,2022,https://boxd.it/xjIG
2024-11-18,PLUTO,2023,https://boxd.it/Jo62
2024-11-26,La Jetée,1962,https://boxd.it/29Sk
2024-11-28,Emilia Pérez,2024,https://boxd.it/AP3G
2024-12-01,Ichi the Killer,2001,https://boxd.it/1Y1O
2024-12-01,American Graffiti,1973,https://boxd.it/29us
2024-12-15,The Goonies,1985,https://boxd.it/1YVC
2024-12-15,Incantation,2022,https://boxd.it/wFiI
2024-12-16,Philadelphia,1993,https://boxd.it/1XMk
2024-12-23,The Lodge,2019,https://boxd.it/h2c2
2024-12-25,A Perfect Murder,1998,https://boxd.it/27Ke
2025-01-03,Birth,2004,https://boxd.it/1VvQ
2025-01-09,A Real Pain,2024,https://boxd.it/CjNG
2025-01-12,The Driver,1978,https://boxd.it/27jW
2025-01-28,Secretary,2002,https://boxd.it/1URc
2025-01-30,The Childhood of a Leader,2015,https://boxd.it/aRce
2025-02-03,Free Fire,2016,https://boxd.it/b2Ig
2025-02-03,The End of the Tour,2015,https://boxd.it/7jIE
2025-02-03,Last and First Men,2020,https://boxd.it/kKi0
2025-02-04,Nickel Boys,2024,https://boxd.it/CStQ
2025-02-04,Contempt,1963,https://boxd.it/2aJe
2025-02-05,Oedipus Rex,1967,https://boxd.it/WgK
2025-02-05,"Throw Away Your Books, Rally in the Streets",1971,https://boxd.it/3yio
2025-02-05,The Bad Sleep Well,1960,https://boxd.it/1iLA
2025-02-16,Strange Darling,2023,https://boxd.it/CVIk
2025-02-27,It Happened One Night,1934,https://boxd.it/25Ng
2025-03-14,The Pink Panther,1963,https://boxd.it/29eO
2025-03-14,Experiment in Terror,1962,https://boxd.it/VyS
2025-03-15,I'm Still Here,2024,https://boxd.it/BPEO
2025-03-25,Streets of Fire,1984,https://boxd.it/1Nt8
2025-03-28,Divorce Italian Style,1961,https://boxd.it/1DNs
2025-03-31,My Cousin Vinny,1992,https://boxd.it/1WpO
2025-03-31,A Few Good Men,1992,https://boxd.it/29nw
2025-04-05,Prom Night,1980,https://boxd.it/1aeS
2025-04-08,The Talented Mr. Ripley,1999,https://boxd.it/2924
2025-04-10,The Souvenir,2019,https://boxd.it/gXU4
2025-04-11,No Other Land,2024,https://boxd.it/KOTG
2025-04-14,Mississippi Burning,1988,https://boxd.it/28r8
2025-04-16,Carnal Knowledge,1971,https://boxd.it/1au2
2025-04-19,A.I. Artificial Intelligence,2001,https://boxd.it/29Ve
2025-04-21,Fruitvale Station,2013,https://boxd.it/4VRy
2025-04-21,Christopher Robin,2018,https://boxd.it/eSj4
2025-04-21,Days of Heaven,1978,https://boxd.it/1JRg
2025-04-23,Michael Clayton,2007,https://boxd.it/2466
2025-04-23,Slap the Monster on Page One,1972,https://boxd.it/2ehy
2025-04-26,Hoop Dreams,1994,https://boxd.it/1Opc
2025-04-27,The Player,1992,https://boxd.it/1WlM
2025-04-27,Out of the Past,1947,https://boxd.it/29PK
2025-04-29,The Purple Rose of Cairo,1985,https://boxd.it/1VeU
2025-04-29,Monster,2023,https://boxd.it/DJEM
2025-04-29,A Moment of Innocence,1996,https://boxd.it/T6W
2025-04-29,Walker,1987,https://boxd.it/1pzc
2025-05-05,Blood Feast,1963,https://boxd.it/1q58
2025-05-06,Bodies,2023,https://boxd.it/JisQ
2025-05-06,A Different Man,2024,https://boxd.it/BoEC
2025-05-06,Fantastic Mr. Fox,2009,https://boxd.it/1WyQ
2025-05-08,The Bridge on the River Kwai,1957,https://boxd.it/29wo
2025-05-09,The Ninth Configuration,1980,https://boxd.it/1G4q
